Rk,Gcar,Gtm,Date,Tm,,Opp,Rslt,Inngs,PA,AB,R,H,2B,3B,HR,RBI,BB,IBB,SO,HBP,SH,SF,ROE,GDP,SB,CS,BA,OBP,SLG,OPS,BOP,aLI,WPA,acLI,cWPA,RE24,DFS(DK),DFS(FD),Pos
1,567,1,Mar 30,LAA,@,OAK,L1-2,CG,4,3,0,1,0,0,0,0,1,1,2,0,0,0,0,0,0,0,.333,.500,.333,.833,3,1.04,0.047,1.06,0.03%,0.47,5.00,6.00,DH P
2,568,2,Apr 1,LAA,@,OAK,W13-1,CG,5,5,1,2,0,0,0,2,0,0,1,0,0,0,0,0,0,0,.375,.444,.375,.819,3,.37,0.043,.34,0.02%,1.30,12.00,16.20,DH
3,569,3,Apr 2,LAA,@,OAK,W6-0,GS-9,4,4,1,1,0,0,1,1,0,0,2,0,0,0,0,0,0,0,.333,.385,.583,.968,3,.92,-0.072,.90,-0.04%,-0.57,14.00,18.70,DH
4,570,4,Apr 3,LAA,@,SEA,W7-3,CG,5,5,1,1,0,0,1,2,0,0,1,0,0,0,0,1,0,0,.294,.333,.647,.980,3,1.30,0.069,1.39,0.05%,0.08,16.00,22.20,DH
5,571,5,Apr 4,LAA,@,SEA,L2-11,GS-8,3,2,0,0,0,0,0,0,1,0,0,0,0,0,0,0,0,0,.263,.333,.579,.912,3,.80,-0.058,.83,-0.04%,-0.42,2.00,3.00,DH
6,572,6,Apr 5,LAA,@,SEA,W4-3,CG,4,2,0,1,0,0,0,1,2,0,0,0,0,0,0,0,0,0,.286,.400,.571,.971,3,1.10,0.155,1.18,0.10%,1.84,9.00,12.50,DH P
7,573,7,Apr 7,LAA,,TOR,L3-4,CG,4,4,0,2,1,0,0,0,0,0,2,0,0,0,0,0,0,0,.320,.414,.600,1.014,3,1.01,0.158,1.05,0.10%,0.48,8.00,9.00,DH
8,574,8,Apr 8,LAA,,TOR,W9-5,CG,4,3,1,1,1,0,0,0,1,0,2,0,0,0,0,0,0,0,.321,.424,.607,1.031,3,.73,0.123,.75,0.08%,1.27,9.00,12.20,DH
9,575,9,Apr 9,LAA,,TOR,L11-12,CG(10),6,5,3,2,0,0,1,2,1,0,0,0,0,0,0,0,0,0,.333,.436,.667,1.103,3,2.44,-0.166,2.57,-0.11%,1.25,25.00,34.60,DH
10,576,10,Apr 10,LAA,,WSN,L4-6,CG,4,3,0,0,0,0,0,0,1,0,2,0,0,0,0,0,0,0,.306,.419,.611,1.030,3,1.18,-0.092,1.13,-0.05%,-0.88,2.00,3.00,DH
11,577,11,Apr 11,LAA,,WSN,W2-0,CG,4,4,0,1,0,0,0,0,0,0,2,0,0,0,0,0,0,0,.300,.404,.575,.979,3,.89,0.042,.84,0.02%,0.11,3.00,3.00,DH P
12,578,13 (1),Apr 14,LAA,@,BOS,L3-5,CG,5,4,1,1,0,0,0,0,1,0,2,0,0,0,0,0,0,0,.295,.404,.545,.949,3,1.11,-0.074,1.16,-0.05%,-0.68,7.00,9.20,DH
13,579,14,Apr 15,LAA,@,BOS,L7-9,CG,5,4,1,2,0,0,0,1,0,0,0,0,0,0,0,0,0,0,.313,.411,.542,.952,3,1.37,0.214,1.35,0.13%,1.48,10.00,12.70,DH
14,580,15,Apr 16,LAA,@,BOS,L1-2,CG,4,4,0,0,0,0,0,0,0,0,0,0,0,0,0,0,0,0,.288,.383,.500,.883,3,1.18,-0.124,1.13,-0.07%,-0.74,0.00,0.00,DH
15,581,16,Apr 17,LAA,@,BOS,W5-4,CG,5,5,1,2,0,0,0,0,0,0,0,0,0,0,1,0,0,1,.298,.385,.491,.876,2,.52,0.051,.50,0.03%,0.47,8.00,9.20,DH P
16,582,17,Apr 18,LAA,@,NYY,W5-2,CG,4,3,2,1,0,0,1,2,0,0,1,0,0,0,0,0,1,0,.300,.382,.533,.916,2,.74,0.169,.74,0.10%,1.70,23.00,31.40,DH
17,583,18,Apr 19,LAA,@,NYY,L2-3,CG(10),5,4,0,0,0,0,0,0,1,0,2,0,0,0,0,0,0,0,.281,.370,.500,.870,2,1.88,-0.136,1.99,-0.09%,-1.10,2.00,3.00,DH
18,584,19,Apr 20,LAA,@,NYY,L3-9,CG,4,3,0,0,0,0,0,0,1,0,0,0,0,0,0,0,0,0,.269,.364,.478,.841,2,.95,-0.042,.94,-0.03%,-0.80,2.00,3.00,DH
19,585,20,Apr 21,LAA,,KCR,W2-0,CG,4,4,0,1,0,0,0,0,0,0,1,0,0,0,0,1,0,0,.268,.358,.465,.823,2,.53,-0.059,.50,-0.03%,-0.70,3.00,3.00,DH P
20,586,21,Apr 22,LAA,,KCR,L8-11,CG,5,5,0,0,0,0,0,0,0,0,0,0,0,0,0,0,0,0,.250,.337,.434,.771,3,.88,-0.117,.84,-0.07%,-1.08,0.00,0.00,DH
21,587,22,Apr 23,LAA,,KCR,W4-3,CG,4,3,1,2,0,0,1,2,0,0,1,0,0,1,0,0,0,0,.266,.344,.481,.825,3,.98,0.085,.89,0.05%,1.16,19.00,25.20,DH
22,588,23,Apr 24,LAA,,OAK,L10-11,CG(10),5,4,1,1,1,0,0,0,0,0,1,0,0,0,0,0,0,1,.265,.340,.482,.822,3,1.07,-0.058,1.05,-0.03%,0.25,7.00,9.20,DH
23,589,24,Apr 25,LAA,,OAK,W5-3,CG,4,4,0,0,0,0,0,0,0,0,2,0,0,0,0,0,2,0,.253,.327,.460,.786,3,.77,-0.061,.72,-0.04%,-0.91,10.00,12.00,DH
24,590,25,Apr 26,LAA,,OAK,W11-3,CG,5,5,1,2,0,0,1,3,0,0,1,0,0,0,0,0,0,0,.261,.330,.489,.819,3,.45,0.010,.43,0.01%,2.62,21.00,28.70,DH
25,591,26,Apr 27,LAA,,OAK,W8-7,CG,5,5,2,3,1,1,0,1,0,0,0,0,0,0,0,0,0,0,.278,.343,.526,.868,3,.99,0.096,.99,0.06%,0.95,22.00,27.90,DH P
26,592,27,Apr 28,LAA,@,MIL,L1-2,CG,4,4,0,1,0,0,0,0,0,0,0,0,0,0,0,0,0,0,.277,.339,.515,.854,3,1.46,0.060,1.47,0.04%,-0.03,3.00,3.00,DH
27,593,28,Apr 29,LAA,@,MIL,L5-7,CG,5,5,0,3,0,0,0,0,0,0,0,0,0,0,0,1,2,0,.292,.350,.519,.869,3,1.00,-0.023,.97,-0.01%,0.14,19.00,21.00,DH
28,594,29,Apr 30,LAA,@,MIL,W3-0,CG,4,3,1,1,0,0,1,1,1,0,1,0,0,0,0,0,0,1,.294,.355,.541,.897,3,.59,0.073,.58,0.04%,0.56,16.00,21.70,DH
29,595,31 (1),May 3,LAA,@,STL,W6-4,CG,5,5,1,3,1,0,0,1,0,0,0,0,0,0,0,0,0,0,.307,.365,.553,.918,3,1.69,0.085,1.78,0.05%,1.11,15.00,18.70,DH P
30,596,32,May 4,LAA,@,STL,W11-7,CG,5,3,1,1,0,0,0,0,2,0,1,0,0,0,0,0,0,0,.308,.374,.547,.921,2,.34,0.050,.37,0.03%,0.91,9.00,12.20,DH
31,597,33,May 5,LAA,,TEX,W5-4,CG(10),5,5,0,0,0,0,0,0,0,0,0,0,0,0,0,0,0,0,.295,.360,.525,.885,3,1.50,-0.108,1.99,-0.09%,-1.44,0.00,0.00,DH
32,598,34,May 6,LAA,,TEX,L1-10,CG,4,4,0,0,0,0,0,0,0,0,0,0,0,0,0,0,0,0,.286,.350,.508,.858,3,.89,-0.091,1.23,-0.08%,-0.92,0.00,0.00,DH
33,599,35,May 7,LAA,,TEX,L8-16,CG,5,3,1,2,0,0,0,1,2,0,0,0,0,0,0,0,0,0,.295,.366,.512,.877,3,.94,0.176,1.26,0.14%,2.04,14.00,18.70,DH
34,600,36,May 8,LAA,,HOU,W6-4,CG,4,4,0,2,2,0,0,2,0,0,0,0,0,0,0,0,0,0,.301,.369,.526,.895,3,1.58,0.220,1.89,0.16%,1.82,14.00,19.00,DH
35,601,37,May 9,LAA,,HOU,L1-3,CG,4,3,0,0,0,0,0,0,0,0,1,0,0,0,0,0,0,0,.294,.362,.515,.877,3,1.05,-0.045,1.28,-0.03%,-0.32,0.00,0.00,DH P
36,602,38,May 10,LAA,,HOU,L4-5,CG,4,4,1,1,0,0,1,2,0,0,2,0,0,0,0,0,0,0,.293,.359,.529,.888,3,.94,0.070,1.14,0.05%,1.14,16.00,22.20,DH
37,603,39,May 12,LAA,@,CLE,W5-4,CG,5,2,0,0,0,0,0,0,2,0,2,0,0,0,0,0,0,0,.289,.363,.521,.884,3,1.88,-0.044,1.94,-0.03%,0.24,4.00,6.00,DH
38,604,40,May 13,LAA,@,CLE,L6-8,CG,5,4,0,1,1,0,0,1,1,0,2,0,0,0,0,0,0,0,.288,.364,.521,.884,3,1.06,0.083,1.13,0.05%,1.27,9.00,12.50,DH
39,605,41,May 14,LAA,@,CLE,L3-4,CG,4,4,0,1,0,0,0,1,0,0,2,0,0,0,0,0,1,0,.287,.361,.513,.874,2,2.12,0.126,2.20,0.08%,0.66,10.00,12.50,DH
40,606,42,May 15,LAA,@,BAL,W9-5,CG,6,5,3,4,0,1,1,3,1,0,0,0,0,0,0,0,0,0,.303,.377,.555,.932,3,.67,0.307,.65,0.18%,2.79,38.00,50.10,DH P
41,607,43,May 16,LAA,@,BAL,L3-7,CG,4,4,0,0,0,0,0,0,0,0,1,0,0,0,0,0,0,0,.296,.369,.541,.910,3,.84,-0.084,.88,-0.05%,-0.85,0.00,0.00,DH
42,608,44,May 17,LAA,@,BAL,L1-3,CG,4,4,0,0,0,0,0,0,0,0,1,0,0,0,0,0,0,0,.288,.361,.528,.888,3,1.22,-0.120,1.18,-0.07%,-0.86,0.00,0.00,DH
43,609,45,May 18,LAA,@,BAL,W6-5,CG,5,5,1,2,0,0,1,2,0,0,0,0,0,0,0,0,0,0,.292,.362,.542,.903,3,1.75,0.267,1.67,0.15%,1.02,19.00,25.20,DH
44,610,46,May 19,LAA,,MIN,W5-4,CG,4,3,0,0,0,0,0,0,1,0,2,0,0,0,0,0,0,0,.287,.359,.532,.892,3,.98,-0.032,1.03,-0.02%,-0.54,2.00,3.00,DH
45,611,47,May 20,LAA,,MIN,L2-6,CG,4,4,1,1,0,0,1,1,0,0,2,0,0,0,0,0,0,0,.286,.357,.543,.900,3,.93,0.027,.97,0.02%,0.07,14.00,18.70,DH
46,612,48,May 21,LAA,,MIN,W4-2,CG,4,3,0,1,0,0,0,0,1,1,0,0,0,0,0,0,0,0,.287,.360,.539,.899,3,1.11,-0.023,1.04,-0.01%,-0.46,5.00,6.00,DH P
47,613,49,May 22,LAA,,BOS,W2-1,CG,4,3,0,0,0,0,0,0,1,0,2,0,0,0,0,0,0,0,.282,.358,.530,.888,3,.84,-0.063,.84,-0.04%,-0.74,2.00,3.00,DH
48,614,50,May 23,LAA,,BOS,W4-0,CG,4,4,0,1,0,0,0,0,0,0,1,0,0,0,0,0,0,0,.281,.356,.524,.880,3,.38,-0.005,.40,0.00%,-0.34,3.00,3.00,DH
49,615,51,May 24,LAA,,BOS,W7-3,CG,4,4,1,1,0,0,1,1,0,0,1,0,0,0,0,0,0,0,.280,.354,.534,.888,3,.19,0.028,.21,0.02%,0.61,14.00,18.70,DH
50,616,52,May 26,LAA,,MIA,L2-6,CG,4,4,0,0,0,0,0,0,0,0,2,0,0,0,0,1,0,0,.275,.347,.523,.871,3,1.09,-0.141,1.21,-0.09%,-1.27,0.00,0.00,DH
51,617,53,May 27,LAA,,MIA,L5-8,CG(10),5,4,0,0,0,0,0,0,1,0,0,0,0,0,0,1,1,0,.269,.344,.513,.857,3,1.96,-0.163,1.95,-0.10%,-1.31,7.00,9.00,DH P
52,618,54,May 28,LAA,,MIA,L0-2,CG,4,4,0,1,0,0,0,0,0,0,3,0,0,0,0,0,0,0,.269,.342,.507,.850,3,1.47,-0.075,1.34,-0.04%,-0.42,3.00,3.00,DH
53,619,55,May 29,LAA,@,CHW,W6-4,CG,5,4,1,0,0,0,0,0,0,0,2,1,0,0,0,0,0,0,.263,.339,.498,.837,3,.84,-0.051,.72,-0.03%,-1.15,4.00,6.20,DH
54,620,56,May 30,LAA,@,CHW,L3-7,CG,4,4,1,1,0,0,1,1,0,0,1,0,0,0,0,0,0,0,.263,.338,.507,.845,3,.67,0.079,.62,0.04%,0.35,14.00,18.70,DH
55,621,57,May 31,LAA,@,CHW,W12-5,GS-9,4,3,3,2,0,0,2,4,1,0,0,0,0,0,0,0,0,0,.269,.345,.538,.882,3,.55,0.191,.46,0.10%,3.45,36.00,50.60,DH
56,622,58,Jun 1,LAA,@,HOU,L2-5,CG,5,5,0,1,0,0,0,0,0,0,2,0,0,0,0,0,0,0,.267,.342,.530,.872,3,1.35,-0.108,1.44,-0.07%,-1.04,3.00,3.00,DH
57,623,59,Jun 2,LAA,@,HOU,L2-6,CG,5,4,0,0,0,0,0,0,1,0,2,0,0,0,0,0,0,0,.262,.339,.520,.859,1,.95,-0.095,.97,-0.06%,-0.86,2.00,3.00,DH P
58,624,60,Jun 3,LAA,@,HOU,L6-9,CG,5,5,2,4,1,1,0,2,0,0,0,0,0,0,0,1,0,0,.274,.348,.540,.888,1,.72,0.267,.66,0.15%,3.97,27.00,34.40,DH
59,625,61,Jun 4,LAA,@,HOU,W2-1,CG,4,4,0,1,1,0,0,1,0,0,0,0,0,0,0,0,0,0,.274,.346,.539,.885,1,1.11,0.220,.94,0.11%,0.51,7.00,9.50,DH
60,626,62,Jun 6,LAA,,CHC,W7-4,CG,4,2,2,1,0,0,1,1,2,0,0,0,0,0,0,0,0,0,.276,.352,.552,.904,2,1.11,0.086,.85,0.04%,1.39,20.00,27.90,DH
61,627,63,Jun 7,LAA,,CHC,W6-2,CG,5,4,0,1,1,0,0,0,1,0,1,0,0,0,0,0,2,0,.275,.353,.551,.904,2,.75,0.039,.58,0.02%,-0.68,17.00,21.00,DH
62,628,64,Jun 8,LAA,,CHC,W3-1,CG,5,5,0,1,0,0,0,0,0,0,2,0,0,0,0,0,0,0,.274,.351,.544,.894,2,.94,-0.094,.80,-0.05%,-1.31,3.00,3.00,DH
63,629,65,Jun 9,LAA,,SEA,W5-4,CG,4,4,1,3,1,0,1,2,0,0,0,0,0,0,0,0,0,0,.282,.356,.563,.920,2,.82,0.269,.80,0.16%,2.19,24.00,31.20,DH P
64,630,66,Jun 10,LAA,,SEA,L2-6,CG,4,4,1,1,0,0,1,2,0,0,2,0,0,0,0,0,0,0,.281,.355,.570,.925,2,1.08,0.078,1.20,0.05%,0.83,16.00,22.20,DH
65,631,67,Jun 11,LAA,,SEA,W9-4,CG,5,5,1,3,0,0,0,0,0,0,1,0,0,0,0,0,0,0,.287,.359,.571,.930,2,.47,0.003,.47,0.00%,1.00,11.00,12.20,DH
66,632,68,Jun 12,LAA,@,TEX,W9-6,CG(12),6,4,2,2,0,0,2,4,1,0,1,0,0,1,0,0,0,0,.291,.362,.593,.955,2,1.95,0.401,2.44,0.30%,1.70,34.00,47.40,DH
67,633,69,Jun 13,LAA,@,TEX,W7-3,CG,5,2,2,2,1,0,0,0,3,1,0,0,0,0,0,0,1,0,.296,.373,.600,.973,2,.72,0.104,1.00,0.09%,1.22,23.00,30.40,DH
68,634,70,Jun 14,LAA,@,TEX,L3-6,CG,5,4,1,2,0,0,1,2,1,0,1,0,0,0,0,0,0,0,.299,.377,.610,.987,2,.79,-0.002,1.15,0.00%,1.64,21.00,28.20,DH
69,635,71,Jun 15,LAA,@,TEX,W5-3,CG,4,2,1,1,0,0,1,2,2,0,0,0,0,0,0,0,0,0,.301,.382,.620,1.002,2,1.20,0.240,1.61,0.19%,2.44,20.00,28.20,DH P
70,636,72,Jun 16,LAA,@,KCR,W3-0,CG,5,3,1,1,1,0,0,0,2,0,1,0,0,0,0,0,0,0,.301,.385,.621,1.006,2,.82,0.064,.93,0.04%,0.67,11.00,15.20,DH
71,637,73,Jun 17,LAA,@,KCR,L9-10,CG,5,4,1,1,0,0,1,2,1,0,0,0,0,0,0,0,0,1,.300,.385,.626,1.012,2,1.49,-0.010,1.90,-0.01%,0.57,18.00,25.20,DH
72,638,74,Jun 18,LAA,@,KCR,W5-2,CG,4,4,1,1,0,0,1,2,0,0,2,0,0,0,0,0,0,0,.300,.384,.632,1.015,2,.83,0.151,1.01,0.11%,0.93,16.00,22.20,DH
73,639,75,Jun 20,LAA,,LAD,L0-2,CG,4,4,0,0,0,0,0,0,0,0,2,0,0,0,0,0,0,0,.295,.379,.623,1.002,2,1.16,-0.117,1.49,-0.09%,-0.90,0.00,0.00,DH
74,640,76,Jun 21,LAA,,LAD,L0-2,CG,4,3,0,0,0,0,0,0,1,0,0,0,0,0,0,0,0,0,.292,.377,.616,.993,2,1.32,-0.097,1.58,-0.07%,-0.48,2.00,3.00,DH P
75,641,77,Jun 23,LAA,@,COL,L4-7,CG,5,5,1,3,1,0,1,1,0,0,1,0,0,0,0,0,0,0,.298,.381,.630,1.010,2,1.20,0.067,1.39,0.05%,0.52,22.00,27.70,DH
76,642,78,Jun 24,LAA,@,COL,W25-1,CG,7,7,1,1,0,0,0,1,0,0,2,0,0,0,0,1,0,0,.294,.376,.618,.994,2,.41,-0.040,.44,-0.03%,-1.36,7.00,9.70,DH
77,643,79,Jun 25,LAA,@,COL,L3-4,CG,4,4,1,2,0,1,0,1,0,0,0,0,0,0,0,0,0,0,.297,.377,.623,1.001,2,1.27,0.094,1.47,0.07%,1.04,15.00,18.70,DH
78,644,80,Jun 26,LAA,,CHW,W2-1,CG,4,3,1,1,0,0,1,1,1,0,2,0,0,0,0,0,1,0,.297,.379,.630,1.009,3,1.48,0.188,1.70,0.13%,1.20,21.00,27.70,DH
79,645,81,Jun 27,LAA,,CHW,W4-2,CG,4,3,2,3,0,0,2,2,1,0,0,0,0,0,0,0,0,0,.304,.386,.654,1.039,2,.66,0.260,.80,0.19%,2.78,33.00,43.40,DH P
80,646,82,Jun 28,LAA,,CHW,L5-11,CG,5,5,2,3,0,1,0,0,0,0,2,0,0,0,0,0,0,0,.309,.389,.659,1.048,2,.37,0.056,.46,0.04%,0.87,18.00,21.40,DH
81,647,83,Jun 29,LAA,,CHW,L7-9,CG,5,3,1,1,0,0,1,2,2,1,2,0,0,0,0,0,0,0,.309,.392,.666,1.057,3,1.06,0.059,1.26,0.04%,1.74,20.00,28.20,DH
82,648,84,Jun 30,LAA,,ARI,L2-6,CG,4,2,2,1,0,0,1,1,2,0,0,0,0,0,0,0,0,0,.310,.396,.674,1.070,2,.58,0.065,.65,0.04%,1.35,20.00,27.90,DH
83,649,85,Jul 1,LAA,,ARI,L1-3,CG,4,4,0,0,0,0,0,0,0,0,2,0,0,0,0,0,0,0,.306,.391,.666,1.057,3,1.40,-0.139,1.51,-0.09%,-0.90,0.00,0.00,DH
84,650,86,Jul 2,LAA,,ARI,W5-2,CG,4,4,1,1,0,0,1,1,0,0,2,0,0,0,0,0,0,0,.306,.390,.670,1.060,3,.49,-0.004,.51,0.00%,0.33,14.00,18.70,DH
85,651,87,Jul 3,LAA,@,SDP,L3-10,CG,5,3,0,0,0,0,0,0,2,0,1,0,0,0,0,0,0,0,.303,.390,.664,1.054,3,1.18,-0.067,1.29,-0.04%,-0.52,4.00,6.00,DH
86,652,88,Jul 4,LAA,@,SDP,L5-8,GS-9,3,3,0,0,0,0,0,0,0,0,1,0,0,0,0,0,0,0,.300,.387,.658,1.044,3,.94,-0.068,1.00,-0.04%,-0.57,0.00,0.00,DH P
87,653,89,Jul 5,LAA,@,SDP,L3-5,CG,4,4,0,0,0,0,0,0,0,0,0,0,0,0,0,0,0,0,.296,.383,.650,1.033,3,1.46,-0.150,1.33,-0.08%,-1.02,0.00,0.00,DH
88,654,90,Jul 7,LAA,@,LAD,L4-11,CG,4,3,1,1,0,0,0,0,1,0,1,0,0,0,0,0,0,0,.297,.384,.647,1.031,1,.89,0.038,.80,0.02%,0.29,7.00,9.20,DH
89,655,91,Jul 8,LAA,@,LAD,L5-10,CG,5,4,1,3,0,1,1,3,0,0,0,0,0,1,0,0,0,0,.302,.387,.663,1.050,1,.36,0.059,.28,0.03%,2.53,29.00,37.70,DH
90,656,92,Jul 14,LAA,,HOU,L5-7,CG,5,5,1,2,0,0,0,0,0,0,2,0,0,0,0,0,0,0,.303,.387,.659,1.046,2,1.08,-0.043,.92,-0.02%,-0.30,8.00,9.20,DH P
91,657,93,Jul 15,LAA,,HOU,W13-12,CG(10),6,5,1,1,0,0,1,1,1,1,3,0,0,0,0,0,0,0,.302,.386,.661,1.047,2,1.11,-0.003,.82,0.00%,0.54,16.00,21.70,DH
92,658,94,Jul 16,LAA,,HOU,L8-9,CG,5,4,2,1,0,0,1,1,1,1,0,0,0,0,0,0,0,0,.301,.386,.665,1.051,2,.84,0.030,.66,0.01%,0.61,18.00,24.90,DH
93,659,95,Jul 17,LAA,,NYY,W4-3,CG(10),5,4,1,3,1,0,1,2,1,1,1,0,0,0,0,0,0,0,.306,.391,.677,1.068,2,1.60,0.311,.89,0.10%,1.95,26.00,34.20,DH
94,660,96,Jul 18,LAA,,NYY,W5-1,CG,4,3,1,1,0,1,0,1,1,0,2,0,0,0,0,0,0,0,.307,.392,.680,1.072,2,.95,0.119,.56,0.04%,1.77,14.00,18.70,DH
95,661,97,Jul 19,LAA,,NYY,W7-3,CG,5,1,2,0,0,0,0,0,4,1,1,0,0,0,0,0,0,0,.306,.397,.678,1.075,2,.29,0.040,.21,0.02%,0.98,12.00,18.40,DH
96,662,98,Jul 21,LAA,,PIT,W8-5,CG,4,1,2,0,0,0,0,0,3,0,1,0,0,0,0,0,0,0,.305,.400,.676,1.076,2,.65,0.102,.46,0.04%,1.44,10.00,15.40,DH P
97,663,99,Jul 22,LAA,,PIT,L0-3,CG,4,4,0,0,0,0,0,0,0,0,3,0,0,0,0,0,0,0,.302,.397,.668,1.065,2,.84,-0.092,.63,-0.04%,-0.83,0.00,0.00,DH
98,664,100,Jul 23,LAA,,PIT,W7-5,CG,4,3,2,1,0,0,1,1,1,0,2,0,0,0,0,0,0,0,.302,.398,.674,1.072,2,.47,0.093,.33,0.04%,1.03,18.00,24.90,DH
99,665,101,Jul 25,LAA,@,DET,W7-6,CG(10),5,3,2,0,0,0,0,0,2,0,2,0,0,0,0,0,1,0,.299,.398,.668,1.066,2,.95,0.039,.72,0.02%,0.03,13.00,18.40,DH
100,666,102,Jul 27 (1),LAA,@,DET,W6-0,CG,5,5,0,0,0,0,0,0,0,0,2,0,0,0,0,0,0,0,.296,.393,.660,1.053,2,.54,-0.066,.45,-0.03%,-1.57,,,P
101,667,103,Jul 27 (2),LAA,@,DET,W11-4,GS-7,3,3,2,2,0,0,2,3,0,0,1,0,0,0,0,0,0,0,.298,.395,.675,1.070,2,.48,0.151,.45,0.09%,2.70,30.00,40.90,DH
102,668,104,Jul 28,LAA,@,TOR,L1-4,GS-9,4,4,1,2,0,0,1,1,0,0,1,0,0,0,0,0,0,0,.301,.396,.681,1.077,2,.82,0.100,.92,0.07%,0.86,17.00,21.70,DH
103,669,105,Jul 29,LAA,@,TOR,L1-6,CG,5,2,0,1,1,0,0,0,2,2,1,1,0,0,0,0,0,0,.302,.400,.683,1.083,2,1.31,0.148,1.38,0.09%,1.03,11.00,15.00,DH
104,670,106,Jul 30,LAA,@,TOR,W3-2,CG(10),5,3,1,1,0,0,0,0,2,2,0,0,0,0,0,0,0,0,.302,.403,.680,1.083,2,1.61,0.010,1.48,0.01%,0.21,9.00,12.20,DH
105,671,107,Jul 31,LAA,@,ATL,W4-1,CG,5,3,0,2,0,0,0,0,1,1,0,1,0,0,0,0,0,0,.305,.407,.680,1.087,2,.83,0.099,.87,0.06%,1.20,10.00,12.00,DH
106,672,108,Aug 1,LAA,@,ATL,L1-5,CG,4,4,0,1,0,0,0,0,0,0,2,0,0,0,0,0,1,0,.304,.406,.676,1.081,2,1.03,0.013,1.18,0.01%,-0.26,8.00,9.00,DH
107,673,109,Aug 2,LAA,@,ATL,L5-12,CG,4,3,1,2,0,0,0,0,1,0,1,0,0,0,0,0,0,0,.307,.408,.676,1.084,2,.48,0.018,.48,0.01%,1.86,10.00,12.20,DH
108,674,110,Aug 3,LAA,,SEA,L3-5,CG,4,2,2,2,0,0,1,1,2,1,0,0,0,0,0,0,1,0,.310,.413,.685,1.098,2,.82,0.174,.77,0.10%,1.76,28.00,36.90,DH P
109,675,111,Aug 4,LAA,,SEA,L7-9,CG,5,4,1,1,1,0,0,0,1,0,3,0,0,0,0,0,0,0,.310,.413,.683,1.096,2,1.71,-0.089,1.30,-0.04%,-0.12,9.00,12.20,DH
110,676,112,Aug 5,LAA,,SEA,L2-3,CG,4,4,0,0,0,0,0,0,0,0,2,0,0,0,0,1,0,0,.307,.410,.676,1.086,2,1.48,-0.187,.81,-0.06%,-1.54,0.00,0.00,DH
111,677,113,Aug 6,LAA,,SEA,L2-3,CG(10),4,4,1,1,0,0,0,0,0,0,2,0,0,0,0,0,0,0,.306,.409,.672,1.081,2,1.06,-0.063,.50,-0.02%,-0.39,5.00,6.20,DH
112,678,114,Aug 7,LAA,,SFG,L3-8,CG,4,4,1,2,1,0,0,0,0,0,0,0,0,0,0,0,1,0,.308,.409,.673,1.082,2,1.22,0.082,.36,0.02%,0.36,15.00,18.20,DH
113,679,115,Aug 8,LAA,,SFG,W7-5,CG,5,4,1,1,0,0,0,1,1,1,0,0,0,0,0,0,1,0,.307,.409,.669,1.078,2,.65,0.027,.12,0.00%,0.18,14.00,18.70,DH
114,680,116,Aug 9,LAA,,SFG,W4-1,CG,4,2,1,0,0,0,0,0,2,1,2,0,0,0,0,0,0,0,.306,.410,.666,1.076,2,1.26,-0.014,.27,0.00%,0.09,6.00,9.20,DH P
115,681,117,Aug 11,LAA,@,HOU,L3-11,CG,4,4,0,1,0,0,0,0,0,0,2,0,0,0,0,0,0,0,.305,.409,.662,1.071,2,.50,-0.036,.15,-0.01%,-0.09,3.00,3.00,DH
116,682,118,Aug 12,LAA,@,HOU,L3-11,CG,4,4,1,1,1,0,0,0,0,0,2,0,0,0,0,0,0,0,.305,.407,.661,1.068,2,.51,-0.028,.11,0.00%,0.11,7.00,9.20,DH
117,683,119,Aug 13,LAA,@,HOU,W2-1,CG,4,3,1,1,0,0,1,1,1,0,1,0,0,0,0,0,1,0,.305,.408,.665,1.073,2,.79,0.153,.13,0.01%,1.31,21.00,27.70,DH
118,684,120,Aug 14,LAA,@,TEX,L0-12,CG,3,3,0,0,0,0,0,0,0,0,2,0,0,0,0,0,0,0,.303,.406,.661,1.066,2,.45,-0.035,.10,0.00%,-0.67,0.00,0.00,DH
119,685,121,Aug 15,LAA,@,TEX,L3-7,CG,4,4,0,1,0,0,0,0,0,0,1,0,0,0,0,0,0,1,.302,.405,.657,1.061,2,.77,-0.062,.13,-0.01%,-0.71,3.00,3.00,DH
120,686,122,Aug 16,LAA,@,TEX,W2-0,CG,4,4,1,3,0,0,1,1,0,0,0,0,0,0,0,0,0,0,.306,.407,.664,1.072,2,.68,0.144,.07,0.01%,1.55,20.00,24.70,DH
121,687,123,Aug 18,LAA,,TBR,L6-9,CG(10),5,5,2,2,0,0,1,4,0,0,3,0,0,0,0,0,0,0,.308,.407,.668,1.075,2,2.26,0.128,.25,0.01%,2.62,25.00,35.40,DH
122,688,124,Aug 19 (1),LAA,,TBR,W7-6,CG,4,3,0,0,0,0,0,0,1,0,1,0,0,0,0,0,0,0,.305,.406,.664,1.070,2,.86,-0.036,.08,0.00%,-0.26,2.00,3.00,DH
123,689,125,Aug 19 (2),LAA,,TBR,L4-18,GS-9,4,3,1,1,1,0,0,0,1,0,0,0,0,0,0,0,0,0,.306,.407,.664,1.070,2,.45,-0.044,.05,0.00%,1.08,9.00,12.20,DH
124,690,126,Aug 22,LAA,,CIN,L3-4,CG,4,3,0,0,0,0,0,0,1,0,2,0,0,0,0,0,0,0,.304,.406,.659,1.065,3,1.20,-0.097,.06,0.00%,-0.40,2.00,3.00,DH
125,691,127,Aug 23 (1),LAA,,CIN,L4-9,GS-3,1,1,1,1,0,0,1,2,0,0,0,0,0,0,0,0,0,0,.305,.407,.667,1.073,2,1.39,0.147,.04,0.00%,1.61,16.00,22.20,DH P
126,692,128,Aug 23 (2),LAA,,CIN,L3-7,CG,5,5,1,1,1,0,0,0,0,0,1,0,0,0,0,0,0,0,.304,.405,.664,1.069,2,1.28,-0.045,.02,0.00%,-0.40,7.00,9.20,DH
127,693,129,Aug 25,LAA,@,NYM,W3-1,CG,5,2,1,1,1,0,0,0,3,1,0,0,0,0,0,0,0,0,.305,.408,.665,1.074,2,.90,0.146,.01,0.00%,1.66,13.00,18.20,DH
128,694,130,Aug 26,LAA,@,NYM,W5-3,CG,5,3,2,2,1,1,0,1,2,1,0,0,0,0,0,0,2,0,.307,.412,.672,1.083,2,.41,0.110,.01,0.00%,1.69,33.00,42.90,DH
129,695,131,Aug 27,LAA,@,NYM,L2-3,CG,4,4,0,0,0,0,0,0,0,0,2,0,0,0,0,0,0,0,.305,.409,.666,1.075,2,1.17,-0.120,.03,0.00%,-1.10,0.00,0.00,DH
130,696,132,Aug 28,LAA,@,PHI,L4-6,CG,5,4,0,1,0,0,0,0,1,1,1,0,0,0,0,0,0,0,.304,.409,.663,1.071,2,1.27,0.004,.01,0.00%,0.32,5.00,6.00,DH
131,697,133,Aug 29,LAA,@,PHI,L7-12,CG,5,5,0,3,1,0,0,2,0,0,0,0,0,0,0,0,0,1,.307,.410,.664,1.074,2,1.05,0.088,.01,0.00%,1.60,15.00,19.00,DH
132,698,134,Aug 30,LAA,@,PHI,W10-8,CG,5,4,1,1,0,0,0,1,1,0,2,0,0,0,0,1,0,0,.307,.410,.661,1.071,3,1.63,0.033,.00,0.00%,0.31,9.00,12.70,DH
133,699,135,Sep 1,LAA,@,OAK,L2-9,CG,4,3,1,1,1,0,0,0,1,0,0,0,0,0,0,0,0,0,.307,.411,.661,1.072,3,.78,-0.033,.00,0.00%,0.20,9.00,12.20,DH
134,700,136,Sep 2,LAA,@,OAK,L1-2,CG,5,2,0,0,0,0,0,0,3,2,0,0,0,0,0,0,0,0,.306,.413,.658,1.070,2,2.51,0.014,.01,0.00%,0.28,6.00,9.00,DH
135,701,137,Sep 3,LAA,@,OAK,L6-10,CG,5,3,0,0,0,0,0,0,2,0,2,0,0,0,0,0,1,0,.304,.412,.654,1.066,2,.55,-0.006,.00,0.00%,0.07,9.00,12.00,DH
,,,,,,,62-73,,599,497,102,151,26,8,44,95,91,21,143,3,0,3,1,9,20,6,.304,.412,.654,1.066,,1.02,4.218,.86,2.34%,61.53,1535.00,2035.90,
